"1","Andaman and Nicobar Islands","101","South"
"2","Andhra Pradesh","101","South"
"3","Arunachal Pradesh","101","North East"
"4","Assam","101","North East"
"5","Bihar","101","East"
"6","Chandigarh","101","North"
"7","Chhattisgarh","101","West"
"8","Dadra and Nagar Haveli","101","West"
"9","Daman and Diu","101","West"
"10","Delhi","101","North"
"11","Goa","101","West"
"12","Gujarat","101","West"
"13","Haryana","101","North"
"14","Himachal Pradesh","101","North"
"15","Jammu and Kashmir","101","North"
"16","Jharkhand","101","East"
"17","Karnataka","101","South"
"18","Kerala","101","South"
"19","Lakshadweep","101","South"
"20","Madhya Pradesh","101","West"
"21","Maharashtra","101","West"
"22","Manipur","101","North East"
"23","Meghalaya","101","North East"
"24","Mizoram","101","North East"
"25","Nagaland","101","North East"
"26","Odisha","101","East"
"27","Pondicherry","101","South"
"28","Punjab","101","North"
"29","Rajasthan","101","West"
"30","Sikkim","101","North East"
"31","Tamil Nadu","101","South"
"32","Telangana","101","South"
"33","Tripura","101","North East"
"34","Uttar Pradesh","101","North"
"35","Uttarakhand","101","North"
"36","West Bengal","101","East"
"337","Bagar Hat","18",
"338","Bandarban","18",
"339","Barguna","18",
"340","Barisal","18",
"341","Bhola","18",
"342","Bogora","18",
"343","Brahman Bariya","18",
"344","Chandpur","18",
"345","Chattagam","18",
"346","Chittagong Division","18",
"347","Chuadanga","18",
"348","Dhaka","18",
"349","Dinajpur","18",
"350","Faridpur","18",
"351","Feni","18",
"352","Gaybanda","18",
"353","Gazipur","18",
"354","Gopalganj","18",
"355","Habiganj","18",
"356","Jaipur Hat","18",
"357","Jamalpur","18",
"358","Jessor","18",
"359","Jhalakati","18",
"360","Jhanaydah","18",
"361","Khagrachhari","18",
"362","Khulna","18",
"363","Kishorganj","18",
"364","Koks Bazar","18",
"365","Komilla","18",
"366","Kurigram","18",
"367","Kushtiya","18",
"368","Lakshmipur","18",
"369","Lalmanir Hat","18",
"370","Madaripur","18",
"371","Magura","18",
"372","Maimansingh","18",
"373","Manikganj","18",
"374","Maulvi Bazar","18",
"375","Meherpur","18",
"376","Munshiganj","18",
"377","Naral","18",
"378","Narayanganj","18",
"379","Narsingdi","18",
"380","Nator","18",
"381","Naugaon","18",
"382","Nawabganj","18",
"383","Netrakona","18",
"384","Nilphamari","18",
"385","Noakhali","18",
"386","Pabna","18",
"387","Panchagarh","18",
"388","Patuakhali","18",
"389","Pirojpur","18",
"390","Rajbari","18",
"391","Rajshahi","18",
"392","Rangamati","18",
"393","Rangpur","18",
"394","Satkhira","18",
"395","Shariatpur","18",
"396","Sherpur","18",
"397","Silhat","18",
"398","Sirajganj","18",
"399","Sunamganj","18",
"400","Tangayal","18",
"401","Thakurgaon","18",
"663","Alberta","38",
"664","British Columbia","38",
"665","Manitoba","38",
"666","New Brunswick","38",
"667","Newfoundland and Labrador","38",
"668","Northwest Territories","38",
"669","Nova Scotia","38",
"670","Nunavut","38",
"671","Ontario","38",
"672","Prince Edward Island","38",
"673","Quebec","38",
"674","Saskatchewan","38",
"675","Yukon","38",
"731","Anhui","44",
"732","Anhui Province","44",
"733","Anhui Sheng","44",
"734","Aomen","44",
"735","Beijing","44",
"736","Beijing Shi","44",
"737","Chongqing","44",
"738","Fujian","44",
"739","Fujian Sheng","44",
"740","Gansu","44",
"741","Guangdong","44",
"742","Guangdong Sheng","44",
"743","Guangxi","44",
"744","Guizhou","44",
"745","Hainan","44",
"746","Hebei","44",
"747","Heilongjiang","44",
"748","Henan","44",
"749","Hubei","44",
"750","Hunan","44",
"751","Jiangsu","44",
"752","Jiangsu Sheng","44",
"753","Jiangxi","44",
"754","Jilin","44",
"755","Liaoning","44",
"756","Liaoning Sheng","44",
"757","Nei Monggol","44",
"758","Ningxia Hui","44",
"759","Qinghai","44",
"760","Shaanxi","44",
"761","Shandong","44",
"762","Shandong Sheng","44",
"763","Shanghai","44",
"764","Shanxi","44",
"765","Sichuan","44",
"766","Tianjin","44",
"767","Xianggang","44",
"768","Xinjiang","44",
"769","Xizang","44",
"770","Yunnan","44",
"771","Zhejiang","44",
"772","Zhejiang Sheng","44",
"914","Central Bohemian","57",
"915","Frycovice","57",
"916","Jihocesky Kraj","57",
"917","Jihochesky","57",
"918","Jihomoravsky","57",
"919","Karlovarsky","57",
"920","Klecany","57",
"921","Kralovehradecky","57",
"922","Liberecky","57",
"923","Lipov","57",
"924","Moravskoslezsky","57",
"925","Olomoucky","57",
"926","Olomoucky Kraj","57",
"927","Pardubicky","57",
"928","Plzensky","57",
"929","Praha","57",
"930","Rajhrad","57",
"931","Smirice","57",
"932","South Moravian","57",
"933","Straz nad Nisou","57",
"934","Stredochesky","57",
"935","Unicov","57",
"936","Ustecky","57",
"937","Valletta","57",
"938","Velesin","57",
"939","Vysochina","57",
"940","Zlinsky","57",
"1181","Ain","75",
"1182","Aisne","75",
"1183","Albi Le Sequestre","75",
"1184","Allier","75",
"1185","Alpes-Cote dAzur","75",
"1186","Alpes-Maritimes","75",
"1187","Alpes-de-Haute-Provence","75",
"1188","Alsace","75",
"1189","Aquitaine","75",
"1190","Ardeche","75",
"1191","Ardennes","75",
"1192","Ariege","75",
"1193","Aube","75",
"1194","Aude","75",
"1195","Auvergne","75",
"1196","Aveyron","75",
"1197","Bas-Rhin","75",
"1198","Basse-Normandie","75",
"1199","Bouches-du-Rhone","75",
"1200","Bourgogne","75",
"1201","Bretagne","75",
"1202","Brittany","75",
"1203","Burgundy","75",
"1204","Calvados","75",
"1205","Cantal","75",
"1206","Cedex","75",
"1207","Centre","75",
"1208","Charente","75",
"1209","Charente-Maritime","75",
"1210","Cher","75",
"1211","Correze","75",
"1212","Corse-du-Sud","75",
"1213","Cote-d'Or","75",
"1214","Cotes-d'Armor","75",
"1215","Creuse","75",
"1216","Crolles","75",
"1217","Deux-Sevres","75",
"1218","Dordogne","75",
"1219","Doubs","75",
"1220","Drome","75",
"1221","Essonne","75",
"1222","Eure","75",
"1223","Eure-et-Loir","75",
"1224","Feucherolles","75",
"1225","Finistere","75",
"1226","Franche-Comte","75",
"1227","Gard","75",
"1228","Gers","75",
"1229","Gironde","75",
"1230","Haut-Rhin","75",
"1231","Haute-Corse","75",
"1232","Haute-Garonne","75",
"1233","Haute-Loire","75",
"1234","Haute-Marne","75",
"1235","Haute-Saone","75",
"1236","Haute-Savoie","75",
"1237","Haute-Vienne","75",
"1238","Hautes-Alpes","75",
"1239","Hautes-Pyrenees","75",
"1240","Hauts-de-Seine","75",
"1241","Herault","75",
"1242","Ile-de-France","75",
"1243","Ille-et-Vilaine","75",
"1244","Indre","75",
"1245","Indre-et-Loire","75",
"1246","Isere","75",
"1247","Jura","75",
"1248","Klagenfurt","75",
"1249","Landes","75",
"1250","Languedoc-Roussillon","75",
"1251","Larcay","75",
"1252","Le Castellet","75",
"1253","Le Creusot","75",
"1254","Limousin","75",
"1255","Loir-et-Cher","75",
"1256","Loire","75",
"1257","Loire-Atlantique","75",
"1258","Loiret","75",
"1259","Lorraine","75",
"1260","Lot","75",
"1261","Lot-et-Garonne","75",
"1262","Lower Normandy","75",
"1263","Lozere","75",
"1264","Maine-et-Loire","75",
"1265","Manche","75",
"1266","Marne","75",
"1267","Mayenne","75",
"1268","Meurthe-et-Moselle","75",
"1269","Meuse","75",
"1270","Midi-Pyrenees","75",
"1271","Morbihan","75",
"1272","Moselle","75",
"1273","Nievre","75",
"1274","Nord","75",
"1275","Nord-Pas-de-Calais","75",
"1276","Oise","75",
"1277","Orne","75",
"1278","Paris","75",
"1279","Pas-de-Calais","75",
"1280","Pays de la Loire","75",
"1281","Pays-de-la-Loire","75",
"1282","Picardy","75",
"1283","Puy-de-Dome","75",
"1284","Pyrenees-Atlantiques","75",
"1285","Pyrenees-Orientales","75",
"1286","Quelmes","75",
"1287","Rhone","75",
"1288","Rhone-Alpes","75",
"1289","Saint Ouen","75",
"1290","Saint Viatre","75",
"1291","Saone-et-Loire","75",
"1292","Sarthe","75",
"1293","Savoie","75",
"1294","Seine-Maritime","75",
"1295","Seine-Saint-Denis","75",
"1296","Seine-et-Marne","75",
"1297","Somme","75",
"1298","Sophia Antipolis","75",
"1299","Souvans","75",
"1300","Tarn","75",
"1301","Tarn-et-Garonne","75",
"1302","Territoire de Belfort","75",
"1303","Treignac","75",
"1304","Upper Normandy","75",
"1305","Val-d'Oise","75",
"1306","Val-de-Marne","75",
"1307","Var","75",
"1308","Vaucluse","75",
"1309","Vellise","75",
"1310","Vendee","75",
"1311","Vienne","75",
"1312","Vosges","75",
"1313","Yonne","75",
"1314","Yvelines","75",
"1354","Auvergne","82",
"1355","Baden-Wurttemberg","82",
"1356","Bavaria","82",
"1357","Bayern","82",
"1358","Beilstein Wurtt","82",
"1359","Berlin","82",
"1360","Brandenburg","82",
"1361","Bremen","82",
"1362","Dreisbach","82",
"1363","Freistaat Bayern","82",
"1364","Hamburg","82",
"1365","Hannover","82",
"1366","Heroldstatt","82",
"1367","Hessen","82",
"1368","Kortenberg","82",
"1369","Laasdorf","82",
"1370","Land Baden-Wurttemberg","82",
"1371","Land Bayern","82",
"1372","Land Brandenburg","82",
"1373","Land Hessen","82",
"1374","Land Mecklenburg-Vorpommern","82",
"1375","Land Nordrhein-Westfalen","82",
"1376","Land Rheinland-Pfalz","82",
"1377","Land Sachsen","82",
"1378","Land Sachsen-Anhalt","82",
"1379","Land Thuringen","82",
"1380","Lower Saxony","82",
"1381","Mecklenburg-Vorpommern","82",
"1382","Mulfingen","82",
"1383","Munich","82",
"1384","Neubeuern","82",
"1385","Niedersachsen","82",
"1386","Noord-Holland","82",
"1387","Nordrhein-Westfalen","82",
"1388","North Rhine-Westphalia","82",
"1389","Osterode","82",
"1390","Rheinland-Pfalz","82",
"1391","Rhineland-Palatinate","82",
"1392","Saarland","82",
"1393","Sachsen","82",
"1394","Sachsen-Anhalt","82",
"1395","Saxony","82",
"1396","Schleswig-Holstein","82",
"1397","Thuringia","82",
"1398","Webling","82",
"1399","Weinstrabe","82",
"1400","schlobborn","82",
"1666","Aceh","102",
"1667","Bali","102",
"1668","Bangka-Belitung","102",
"1669","Banten","102",
"1670","Bengkulu","102",
"1671","Gandaria","102",
"1672","Gorontalo","102",
"1673","Jakarta","102",
"1674","Jambi","102",
"1675","Jawa Barat","102",
"1676","Jawa Tengah","102",
"1677","Jawa Timur","102",
"1678","Kalimantan Barat","102",
"1679","Kalimantan Selatan","102",
"1680","Kalimantan Tengah","102",
"1681","Kalimantan Timur","102",
"1682","Kendal","102",
"1683","Lampung","102",
"1684","Maluku","102",
"1685","Maluku Utara","102",
"1686","Nusa Tenggara Barat","102",
"1687","Nusa Tenggara Timur","102",
"1688","Papua","102",
"1689","Riau","102",
"1690","Riau Kepulauan","102",
"1691","Solo","102",
"1692","Sulawesi Selatan","102",
"1693","Sulawesi Tengah","102",
"1694","Sulawesi Tenggara","102",
"1695","Sulawesi Utara","102",
"1696","Sumatera Barat","102",
"1697","Sumatera Selatan","102",
"1698","Sumatera Utara","102",
"1699","Yogyakarta","102",
"1780","Beit Hanania","106",
"1781","Ben Gurion Airport","106",
"1782","Bethlehem","106",
"1783","Caesarea","106",
"1784","Centre","106",
"1785","Gaza","106",
"1786","Hadaron","106",
"1787","Haifa District","106",
"1788","Hamerkaz","106",
"1789","Hazafon","106",
"1790","Hebron","106",
"1791","Jaffa","106",
"1792","Jerusalem","106",
"1793","Khefa","106",
"1794","Kiryat Yam","106",
"1795","Lower Galilee","106",
"1796","Qalqilya","106",
"1797","Talme Elazar","106",
"1798","Tel Aviv","106",
"1799","Tsafon","106",
"1800","Umm El Fahem","106",
"1801","Yerushalayim","106",
"1802","Abruzzi","107",
"1803","Abruzzo","107",
"1804","Agrigento","107",
"1805","Alessandria","107",
"1806","Ancona","107",
"1807","Arezzo","107",
"1808","Ascoli Piceno","107",
"1809","Asti","107",
"1810","Avellino","107",
"1811","Bari","107",
"1812","Basilicata","107",
"1813","Belluno","107",
"1814","Benevento","107",
"1815","Bergamo","107",
"1816","Biella","107",
"1817","Bologna","107",
"1818","Bolzano","107",
"1819","Brescia","107",
"1820","Brindisi","107",
"1821","Calabria","107",
"1822","Campania","107",
"1823","Cartoceto","107",
"1824","Caserta","107",
"1825","Catania","107",
"1826","Chieti","107",
"1827","Como","107",
"1828","Cosenza","107",
"1829","Cremona","107",
"1830","Cuneo","107",
"1831","Emilia-Romagna","107",
"1832","Ferrara","107",
"1833","Firenze","107",
"1834","Florence","107",
"1835","Forli-Cesena ","107",
"1836","Friuli-Venezia Giulia","107",
"1837","Frosinone","107",
"1838","Genoa","107",
"1839","Gorizia","107",
"1840","L'Aquila","107",
"1841","Lazio","107",
"1842","Lecce","107",
"1843","Lecco","107",
"1844","Lecco Province","107",
"1845","Liguria","107",
"1846","Lodi","107",
"1847","Lombardia","107",
"1848","Lombardy","107",
"1849","Macerata","107",
"1850","Mantova","107",
"1851","Marche","107",
"1852","Messina","107",
"1853","Milan","107",
"1854","Modena","107",
"1855","Molise","107",
"1856","Molteno","107",
"1857","Montenegro","107",
"1858","Monza and Brianza","107",
"1859","Naples","107",
"1860","Novara","107",
"1861","Padova","107",
"1862","Parma","107",
"1863","Pavia","107",
"1864","Perugia","107",
"1865","Pesaro-Urbino","107",
"1866","Piacenza","107",
"1867","Piedmont","107",
"1868","Piemonte","107",
"1869","Pisa","107",
"1870","Pordenone","107",
"1871","Potenza","107",
"1872","Puglia","107",
"1873","Reggio Emilia","107",
"1874","Rimini","107",
"1875","Roma","107",
"1876","Salerno","107",
"1877","Sardegna","107",
"1878","Sassari","107",
"1879","Savona","107",
"1880","Sicilia","107",
"1881","Siena","107",
"1882","Sondrio","107",
"1883","South Tyrol","107",
"1884","Taranto","107",
"1885","Teramo","107",
"1886","Torino","107",
"1887","Toscana","107",
"1888","Trapani","107",
"1889","Trentino-Alto Adige","107",
"1890","Trento","107",
"1891","Treviso","107",
"1892","Udine","107",
"1893","Umbria","107",
"1894","Valle d'Aosta","107",
"1895","Varese","107",
"1896","Veneto","107",
"1897","Venezia","107",
"1898","Verbano-Cusio-Ossola","107",
"1899","Vercelli","107",
"1900","Verona","107",
"1901","Vicenza","107",
"1902","Viterbo","107",
"1918","Aichi","109",
"1919","Akita","109",
"1920","Aomori","109",
"1921","Chiba","109",
"1922","Ehime","109",
"1923","Fukui","109",
"1924","Fukuoka","109",
"1925","Fukushima","109",
"1926","Gifu","109",
"1927","Gumma","109",
"1928","Hiroshima","109",
"1929","Hokkaido","109",
"1930","Hyogo","109",
"1931","Ibaraki","109",
"1932","Ishikawa","109",
"1933","Iwate","109",
"1934","Kagawa","109",
"1935","Kagoshima","109",
"1936","Kanagawa","109",
"1937","Kanto","109",
"1938","Kochi","109",
"1939","Kumamoto","109",
"1940","Kyoto","109",
"1941","Mie","109",
"1942","Miyagi","109",
"1943","Miyazaki","109",
"1944","Nagano","109",
"1945","Nagasaki","109",
"1946","Nara","109",
"1947","Niigata","109",
"1948","Oita","109",
"1949","Okayama","109",
"1950","Okinawa","109",
"1951","Osaka","109",
"1952","Saga","109",
"1953","Saitama","109",
"1954","Shiga","109",
"1955","Shimane","109",
"1956","Shizuoka","109",
"1957","Tochigi","109",
"1958","Tokushima","109",
"1959","Tokyo","109",
"1960","Tottori","109",
"1961","Toyama","109",
"1962","Wakayama","109",
"1963","Yamagata","109",
"1964","Yamaguchi","109",
"1965","Yamanashi","109",
"2035","Chagangdo","115",
"2036","Hamgyeongbukto","115",
"2037","Hamgyeongnamdo","115",
"2038","Hwanghaebukto","115",
"2039","Hwanghaenamdo","115",
"2040","Kaeseong","115",
"2041","Kangweon","115",
"2042","Nampo","115",
"2043","Pyeonganbukto","115",
"2044","Pyeongannamdo","115",
"2045","Pyeongyang","115",
"2046","Yanggang","115",
"2047","Busan","116",
"2048","Cheju","116",
"2049","Chollabuk","116",
"2050","Chollanam","116",
"2051","Chungbuk","116",
"2052","Chungcheongbuk","116",
"2053","Chungcheongnam","116",
"2054","Chungnam","116",
"2055","Daegu","116",
"2056","Gangwon-do","116",
"2057","Goyang-si","116",
"2058","Gyeonggi-do","116",
"2059","Gyeongsang ","116",
"2060","Gyeongsangnam-do","116",
"2061","Incheon","116",
"2062","Jeju-Si","116",
"2063","Jeonbuk","116",
"2064","Kangweon","116",
"2065","Kwangju","116",
"2066","Kyeonggi","116",
"2067","Kyeongsangbuk","116",
"2068","Kyeongsangnam","116",
"2069","Kyonggi-do","116",
"2070","Kyungbuk-Do","116",
"2071","Kyunggi-Do","116",
"2072","Kyunggi-do","116",
"2073","Pusan","116",
"2074","Seoul","116",
"2075","Sudogwon","116",
"2076","Taegu","116",
"2077","Taejeon","116",
"2078","Taejon-gwangyoksi","116",
"2079","Ulsan","116",
"2080","Wonju","116",
"2081","gwangyoksi","116",
"2083","Hawalli","117",
"2084","Mishref","117",
"2085","Qadesiya","117",
"2086","Safat","117",
"2087","Salmiya","117",
"2088","al-Ahmadi","117",
"2089","al-Farwaniyah","117",
"2090","al-Jahra","117",
"2091","Al Asimah (al-Kuwayt)","117",
"2307","Johor","132",
"2308","Kedah","132",
"2309","Kelantan","132",
"2310","Kuala Lumpur","132",
"2311","Labuan","132",
"2312","Melaka","132",
"2313","Negeri Johor","132",
"2314","Negeri Sembilan","132",
"2315","Pahang","132",
"2316","Penang","132",
"2317","Perak","132",
"2318","Perlis","132",
"2319","Pulau Pinang","132",
"2320","Sabah","132",
"2321","Sarawak","132",
"2322","Selangor","132",
"2323","Sembilan","132",
"2324","Terengganu","132",
"2566","Bagmati","153",
"2567","Bheri","153",
"2568","Dhawalagiri","153",
"2569","Gandaki","153",
"2570","Janakpur","153",
"2571","Karnali","153",
"2572","Koshi","153",
"2573","Lumbini","153",
"2574","Mahakali","153",
"2575","Mechi","153",
"2576","Narayani","153",
"2577","Rapti","153",
"2578","Sagarmatha","153",
"2579","Seti","153",
"2585","Amsterdam","155",
"2586","Benelux","155",
"2587","Drenthe","155",
"2588","Flevoland","155",
"2589","Friesland","155",
"2590","Gelderland","155",
"2591","Groningen","155",
"2592","Limburg","155",
"2593","Noord-Brabant","155",
"2594","Noord-Holland","155",
"2595","Overijssel","155",
"2596","South Holland","155",
"2597","Utrecht","155",
"2598","Zeeland","155",
"2599","Zuid-Holland","155",
"2713","Al Buraimi","165",
"2714","Dhufar","165",
"2715","Masqat","165",
"2716","Musandam","165",
"2717","Rusayl","165",
"2718","Wadi Kabir","165",
"2719","ad-Dakhiliyah","165",
"2720","adh-Dhahirah","165",
"2721","al-Batinah","165",
"2722","ash-Sharqiyah","165",
"2836","Batangas","173"," "
"2837","Bicol","173",
"2838","Bulacan","173",
"2839","Cagayan","173",
"2840","Caraga","173",
"2841","Central Luzon","173",
"2842","Central Mindanao","173",
"2843","Central Visayas","173",
"2844","Cordillera","173",
"2845","Davao","173",
"2846","Eastern Visayas","173",
"2847","Greater Metropolitan Area","173",
"2848","Ilocos","173",
"2849","Laguna","173",
"2850","Luzon","173",
"2851","Mactan","173",
"2852","Metropolitan Manila Area","173",
"2853","Muslim Mindanao","173",
"2854","Northern Mindanao","173",
"2855","Southern Mindanao","173",
"2856","Southern Tagalog","173",
"2857","Western Mindanao","173",
"2858","Western Visayas","173",
"2977","Adygeja","181",
"2978","Aga","181",
"2979","Alanija","181",
"2980","Altaj","181",
"2981","Amur","181",
"2982","Arhangelsk","181",
"2983","Astrahan","181",
"2984","Bashkortostan","181",
"2985","Belgorod","181",
"2986","Brjansk","181",
"2987","Burjatija","181",
"2988","Chechenija","181",
"2989","Cheljabinsk","181",
"2990","Chita","181",
"2991","Chukotka","181",
"2992","Chuvashija","181",
"2993","Dagestan","181",
"2994","Evenkija","181",
"2995","Gorno-Altaj","181",
"2996","Habarovsk","181",
"2997","Hakasija","181",
"2998","Hanty-Mansija","181",
"2999","Ingusetija","181",
"3000","Irkutsk","181",
"3001","Ivanovo","181",
"3002","Jamalo-Nenets","181",
"3003","Jaroslavl","181",
"3004","Jevrej","181",
"3005","Kabardino-Balkarija","181",
"3006","Kaliningrad","181",
"3007","Kalmykija","181",
"3008","Kaluga","181",
"3009","Kamchatka","181",
"3010","Karachaj-Cherkessija","181",
"3011","Karelija","181",
"3012","Kemerovo","181",
"3013","Khabarovskiy Kray","181",
"3014","Kirov","181",
"3015","Komi","181",
"3016","Komi-Permjakija","181",
"3017","Korjakija","181",
"3018","Kostroma","181",
"3019","Krasnodar","181",
"3020","Krasnojarsk","181",
"3021","Krasnoyarskiy Kray","181",
"3022","Kurgan","181",
"3023","Kursk","181",
"3024","Leningrad","181",
"3025","Lipeck","181",
"3026","Magadan","181",
"3027","Marij El","181",
"3028","Mordovija","181",
"3029","Moscow","181",
"3030","Moskovskaja Oblast","181",
"3031","Moskovskaya Oblast","181",
"3032","Moskva","181",
"3033","Murmansk","181",
"3034","Nenets","181",
"3035","Nizhnij Novgorod","181",
"3036","Novgorod","181",
"3037","Novokusnezk","181",
"3038","Novosibirsk","181",
"3039","Omsk","181",
"3040","Orenburg","181",
"3041","Orjol","181",
"3042","Penza","181",
"3043","Perm","181",
"3044","Primorje","181",
"3045","Pskov","181",
"3046","Pskovskaya Oblast","181",
"3047","Rjazan","181",
"3048","Rostov","181",
"3049","Saha","181",
"3050","Sahalin","181",
"3051","Samara","181",
"3052","Samarskaya","181",
"3053","Sankt-Peterburg","181",
"3054","Saratov","181",
"3055","Smolensk","181",
"3056","Stavropol","181",
"3057","Sverdlovsk","181",
"3058","Tajmyrija","181",
"3059","Tambov","181",
"3060","Tatarstan","181",
"3061","Tjumen","181",
"3062","Tomsk","181",
"3063","Tula","181",
"3064","Tver","181",
"3065","Tyva","181",
"3066","Udmurtija","181",
"3067","Uljanovsk","181",
"3068","Ulyanovskaya Oblast","181",
"3069","Ust-Orda","181",
"3070","Vladimir","181",
"3071","Volgograd","181",
"3072","Vologda","181",
"3073","Voronezh","181",
"3074","Butare","182",
"3075","Byumba","182",
"3076","Cyangugu","182",
"3077","Gikongoro","182",
"3078","Gisenyi","182",
"3079","Gitarama","182",
"3080","Kibungo","182",
"3081","Kibuye","182",
"3082","Kigali-ngali","182",
"3083","Ruhengeri","182",
"3146","Al Khobar","154",
"3147","Aseer","154",
"3148","Ash Sharqiyah","154",
"3149","Asir","154",
"3150","Central Province","154",
"3151","Eastern Province","154",
"3152","Ha'il","154",
"3153","Jawf","154",
"3154","Jizan","154",
"3155","Makkah","154",
"3156","Najran","154",
"3157","Qasim","154",
"3158","Tabuk","154",
"3159","Western Province","154",
"3160","al-Bahah","154",
"3161","al-Hudud-ash-Shamaliyah","154",
"3162","al-Madinah","154",
"3163","ar-Riyad","154",
"3186","Singapore","196",
"3254","A Coruna","205",
"3255","Alacant","205",
"3256","Alava","205",
"3257","Albacete","205",
"3258","Almeria","205",
"3259","Andalucia","205",
"3260","Asturias","205",
"3261","Avila","205",
"3262","Badajoz","205",
"3263","Balears","205",
"3264","Barcelona","205",
"3265","Bertamirans","205",
"3266","Biscay","205",
"3267","Burgos","205",
"3268","Caceres","205",
"3269","Cadiz","205",
"3270","Cantabria","205",
"3271","Castello","205",
"3272","Catalunya","205",
"3273","Ceuta","205",
"3274","Ciudad Real","205",
"3275","Comunidad Autonoma de Canarias","205",
"3276","Comunidad Autonoma de Cataluna","205",
"3277","Comunidad Autonoma de Galicia","205",
"3278","Comunidad Autonoma de las Isla","205",
"3279","Comunidad Autonoma del Princip","205",
"3280","Comunidad Valenciana","205",
"3281","Cordoba","205",
"3282","Cuenca","205",
"3283","Gipuzkoa","205",
"3284","Girona","205",
"3285","Granada","205",
"3286","Guadalajara","205",
"3287","Guipuzcoa","205",
"3288","Huelva","205",
"3289","Huesca","205",
"3290","Jaen","205",
"3291","La Rioja","205",
"3292","Las Palmas","205",
"3293","Leon","205",
"3294","Lerida","205",
"3295","Lleida","205",
"3296","Lugo","205",
"3297","Madrid","205",
"3298","Malaga","205",
"3299","Melilla","205",
"3300","Murcia","205",
"3301","Navarra","205",
"3302","Ourense","205",
"3303","Pais Vasco","205",
"3304","Palencia","205",
"3305","Pontevedra","205",
"3306","Salamanca","205",
"3307","Santa Cruz de Tenerife","205",
"3308","Segovia","205",
"3309","Sevilla","205",
"3310","Soria","205",
"3311","Tarragona","205",
"3312","Tenerife","205",
"3313","Teruel","205",
"3314","Toledo","205",
"3315","Valencia","205",
"3316","Valladolid","205",
"3317","Vizcaya","205",
"3318","Zamora","205",
"3319","Zaragoza","205",
"3320","Amparai","206",
"3321","Anuradhapuraya","206",
"3322","Badulla","206",
"3323","Boralesgamuwa","206",
"3324","Colombo","206",
"3325","Galla","206",
"3326","Gampaha","206",
"3327","Hambantota","206",
"3328","Kalatura","206",
"3329","Kegalla","206",
"3330","Kilinochchi","206",
"3331","Kurunegala","206",
"3332","Madakalpuwa","206",
"3333","Maha Nuwara","206",
"3334","Malwana","206",
"3335","Mannarama","206",
"3336","Matale","206",
"3337","Matara","206",
"3338","Monaragala","206",
"3339","Mullaitivu","206",
"3340","North Eastern Province","206",
"3341","North Western Province","206",
"3342","Nuwara Eliya","206",
"3343","Polonnaruwa","206",
"3344","Puttalama","206",
"3345","Ratnapuraya","206",
"3346","Southern Province","206",
"3347","Tirikunamalaya","206",
"3348","Tuscany","206",
"3349","Vavuniyawa","206",
"3350","Western Province","206",
"3351","Yapanaya","206",
"3352","kadawatha","206",
"3471","Changhwa","214",
"3472","Chiayi Hsien","214",
"3473","Chiayi Shih","214",
"3474","Eastern Taipei","214",
"3475","Hsinchu Hsien","214",
"3476","Hsinchu Shih","214",
"3477","Hualien","214",
"3478","Ilan","214",
"3479","Kaohsiung Hsien","214",
"3480","Kaohsiung Shih","214",
"3481","Keelung Shih","214",
"3482","Kinmen","214",
"3483","Miaoli","214",
"3484","Nantou","214",
"3485","Northern Taiwan","214",
"3486","Penghu","214",
"3487","Pingtung","214",
"3488","Taichung","214",
"3489","Taichung Hsien","214",
"3490","Taichung Shih","214",
"3491","Tainan Hsien","214",
"3492","Tainan Shih","214",
"3493","Taipei Hsien","214",
"3494","Taipei Shih / Taipei Hsien","214",
"3495","Taitung","214",
"3496","Taoyuan","214",
"3497","Yilan","214",
"3498","Yun-Lin Hsien","214",
"3499","Yunlin","214",
"3526","Amnat Charoen","217",
"3527","Ang Thong","217",
"3528","Bangkok","217",
"3529","Buri Ram","217",
"3530","Chachoengsao","217",
"3531","Chai Nat","217",
"3532","Chaiyaphum","217",
"3533","Changwat Chaiyaphum","217",
"3534","Chanthaburi","217",
"3535","Chiang Mai","217",
"3536","Chiang Rai","217",
"3537","Chon Buri","217",
"3538","Chumphon","217",
"3539","Kalasin","217",
"3540","Kamphaeng Phet","217",
"3541","Kanchanaburi","217",
"3542","Khon Kaen","217",
"3543","Krabi","217",
"3544","Krung Thep","217",
"3545","Lampang","217",
"3546","Lamphun","217",
"3547","Loei","217",
"3548","Lop Buri","217",
"3549","Mae Hong Son","217",
"3550","Maha Sarakham","217",
"3551","Mukdahan","217",
"3552","Nakhon Nayok","217",
"3553","Nakhon Pathom","217",
"3554","Nakhon Phanom","217",
"3555","Nakhon Ratchasima","217",
"3556","Nakhon Sawan","217",
"3557","Nakhon Si Thammarat","217",
"3558","Nan","217",
"3559","Narathiwat","217",
"3560","Nong Bua Lam Phu","217",
"3561","Nong Khai","217",
"3562","Nonthaburi","217",
"3563","Pathum Thani","217",
"3564","Pattani","217",
"3565","Phangnga","217",
"3566","Phatthalung","217",
"3567","Phayao","217",
"3568","Phetchabun","217",
"3569","Phetchaburi","217",
"3570","Phichit","217",
"3571","Phitsanulok","217",
"3572","Phra Nakhon Si Ayutthaya","217",
"3573","Phrae","217",
"3574","Phuket","217",
"3575","Prachin Buri","217",
"3576","Prachuap Khiri Khan","217",
"3577","Ranong","217",
"3578","Ratchaburi","217",
"3579","Rayong","217",
"3580","Roi Et","217",
"3581","Sa Kaeo","217",
"3582","Sakon Nakhon","217",
"3583","Samut Prakan","217",
"3584","Samut Sakhon","217",
"3585","Samut Songkhran","217",
"3586","Saraburi","217",
"3587","Satun","217",
"3588","Si Sa Ket","217",
"3589","Sing Buri","217",
"3590","Songkhla","217",
"3591","Sukhothai","217",
"3592","Suphan Buri","217",
"3593","Surat Thani","217",
"3594","Surin","217",
"3595","Tak","217",
"3596","Trang","217",
"3597","Trat","217",
"3598","Ubon Ratchathani","217",
"3599","Udon Thani","217",
"3600","Uthai Thani","217",
"3601","Uttaradit","217",
"3602","Yala","217",
"3603","Yasothon","217",
"3663","Adana","223",
"3664","Adiyaman","223",
"3665","Afyon","223",
"3666","Agri","223",
"3667","Aksaray","223",
"3668","Amasya","223",
"3669","Ankara","223",
"3670","Antalya","223",
"3671","Ardahan","223",
"3672","Artvin","223",
"3673","Aydin","223",
"3674","Balikesir","223",
"3675","Bartin","223",
"3676","Batman","223",
"3677","Bayburt","223",
"3678","Bilecik","223",
"3679","Bingol","223",
"3680","Bitlis","223",
"3681","Bolu","223",
"3682","Burdur","223",
"3683","Bursa","223",
"3684","Canakkale","223",
"3685","Cankiri","223",
"3686","Corum","223",
"3687","Denizli","223",
"3688","Diyarbakir","223",
"3689","Duzce","223",
"3690","Edirne","223",
"3691","Elazig","223",
"3692","Erzincan","223",
"3693","Erzurum","223",
"3694","Eskisehir","223",
"3695","Gaziantep","223",
"3696","Giresun","223",
"3697","Gumushane","223",
"3698","Hakkari","223",
"3699","Hatay","223",
"3700","Icel","223",
"3701","Igdir","223",
"3702","Isparta","223",
"3703","Istanbul","223",
"3704","Izmir","223",
"3705","Kahramanmaras","223",
"3706","Karabuk","223",
"3707","Karaman","223",
"3708","Kars","223",
"3709","Karsiyaka","223",
"3710","Kastamonu","223",
"3711","Kayseri","223",
"3712","Kilis","223",
"3713","Kirikkale","223",
"3714","Kirklareli","223",
"3715","Kirsehir","223",
"3716","Kocaeli","223",
"3717","Konya","223",
"3718","Kutahya","223",
"3719","Lefkosa","223",
"3720","Malatya","223",
"3721","Manisa","223",
"3722","Mardin","223",
"3723","Mugla","223",
"3724","Mus","223",
"3725","Nevsehir","223",
"3726","Nigde","223",
"3727","Ordu","223",
"3728","Osmaniye","223",
"3729","Rize","223",
"3730","Sakarya","223",
"3731","Samsun","223",
"3732","Sanliurfa","223",
"3733","Siirt","223",
"3734","Sinop","223",
"3735","Sirnak","223",
"3736","Sivas","223",
"3737","Tekirdag","223",
"3738","Tokat","223",
"3739","Trabzon","223",
"3740","Tunceli","223",
"3741","Usak","223",
"3742","Van","223",
"3743","Yalova","223",
"3744","Yozgat","223",
"3745","Zonguldak","223",
"3762","Central","227",
"3763","Eastern","227",
"3764","Northern","227",
"3765","Western","227",
"3796","Abu Zabi","229",
"3797","Ajman","229",
"3798","Dubai","229",
"3799","Ras al-Khaymah","229",
"3800","Sharjah","229",
"3801","Sharjha","229",
"3802","Umm al Qaywayn","229",
"3803","al-Fujayrah","229",
"3804","ash-Shariqah","229",
"3805","Aberdeen","230",
"3806","Aberdeenshire","230",
"3807","Argyll","230",
"3808","Armagh","230",
"3809","Bedfordshire","230",
"3810","Belfast","230",
"3811","Berkshire","230",
"3812","Birmingham","230",
"3813","Brechin","230",
"3814","Bridgnorth","230",
"3815","Bristol","230",
"3816","Buckinghamshire","230",
"3817","Cambridge","230",
"3818","Cambridgeshire","230",
"3819","Channel Islands","230",
"3820","Cheshire","230",
"3821","Cleveland","230",
"3822","Co Fermanagh","230",
"3823","Conwy","230",
"3824","Cornwall","230",
"3825","Coventry","230",
"3826","Craven Arms","230",
"3827","Cumbria","230",
"3828","Denbighshire","230",
"3829","Derby","230",
"3830","Derbyshire","230",
"3831","Devon","230",
"3832","Dial Code Dungannon","230",
"3833","Didcot","230",
"3834","Dorset","230",
"3835","Dunbartonshire","230",
"3836","Durham","230",
"3837","East Dunbartonshire","230",
"3838","East Lothian","230",
"3839","East Midlands","230",
"3840","East Sussex","230",
"3841","East Yorkshire","230",
"3842","England","230",
"3843","Essex","230",
"3844","Fermanagh","230",
"3845","Fife","230",
"3846","Flintshire","230",
"3847","Fulham","230",
"3848","Gainsborough","230",
"3849","Glocestershire","230",
"3850","Gwent","230",
"3851","Hampshire","230",
"3852","Hants","230",
"3853","Herefordshire","230",
"3854","Hertfordshire","230",
"3855","Ireland","230",
"3856","Isle Of Man","230",
"3857","Isle of Wight","230",
"3858","Kenford","230",
"3859","Kent","230",
"3860","Kilmarnock","230",
"3861","Lanarkshire","230",
"3862","Lancashire","230",
"3863","Leicestershire","230",
"3864","Lincolnshire","230",
"3865","Llanymynech","230",
"3866","London","230",
"3867","Ludlow","230",
"3868","Manchester","230",
"3869","Mayfair","230",
"3870","Merseyside","230",
"3871","Mid Glamorgan","230",
"3872","Middlesex","230",
"3873","Mildenhall","230",
"3874","Monmouthshire","230",
"3875","Newton Stewart","230",
"3876","Norfolk","230",
"3877","North Humberside","230",
"3878","North Yorkshire","230",
"3879","Northamptonshire","230",
"3880","Northants","230",
"3881","Northern Ireland","230",
"3882","Northumberland","230",
"3883","Nottinghamshire","230",
"3884","Oxford","230",
"3885","Powys","230",
"3886","Roos-shire","230",
"3887","SUSSEX","230",
"3888","Sark","230",
"3889","Scotland","230",
"3890","Scottish Borders","230",
"3891","Shropshire","230",
"3892","Somerset","230",
"3893","South Glamorgan","230",
"3894","South Wales","230",
"3895","South Yorkshire","230",
"3896","Southwell","230",
"3897","Staffordshire","230",
"3898","Strabane","230",
"3899","Suffolk","230",
"3900","Surrey","230",
"3901","Sussex","230",
"3902","Twickenham","230",
"3903","Tyne and Wear","230",
"3904","Tyrone","230",
"3905","Utah","230",
"3906","Wales","230",
"3907","Warwickshire","230",
"3908","West Lothian","230",
"3909","West Midlands","230",
"3910","West Sussex","230",
"3911","West Yorkshire","230",
"3912","Whissendine","230",
"3913","Wiltshire","230",
"3914","Wokingham","230",
"3915","Worcestershire","230",
"3916","Wrexham","230",
"3917","Wurttemberg","230",
"3918","Yorkshire","230",
"3919","Alabama","231",
"3920","Alaska","231",
"3921","Arizona","231",
"3922","Arkansas","231",
"3923","Byram","231",
"3924","California","231",
"3925","Cokato","231",
"3926","Colorado","231",
"3927","Connecticut","231",
"3928","Delaware","231",
"3929","District of Columbia","231",
"3930","Florida","231",
"3931","Georgia","231",
"3932","Hawaii","231",
"3933","Idaho","231",
"3934","Illinois","231",
"3935","Indiana","231",
"3936","Iowa","231",
"3937","Kansas","231",
"3938","Kentucky","231",
"3939","Louisiana","231",
"3940","Lowa","231",
"3941","Maine","231",
"3942","Maryland","231",
"3943","Massachusetts","231",
"3944","Medfield","231",
"3945","Michigan","231",
"3946","Minnesota","231",
"3947","Mississippi","231",
"3948","Missouri","231",
"3949","Montana","231",
"3950","Nebraska","231",
"3951","Nevada","231",
"3952","New Hampshire","231",
"3953","New Jersey","231",
"3954","New Jersy","231",
"3955","New Mexico","231",
"3956","New York","231",
"3957","North Carolina","231",
"3958","North Dakota","231",
"3959","Ohio","231",
"3960","Oklahoma","231",
"3961","Ontario","231",
"3962","Oregon","231",
"3963","Pennsylvania","231",
"3964","Ramey","231",
"3965","Rhode Island","231",
"3966","South Carolina","231",
"3967","South Dakota","231",
"3968","Sublimity","231",
"3969","Tennessee","231",
"3970","Texas","231",
"3971","Trimble","231",
"3972","Utah","231",
"3973","Vermont","231",
"3974","Virginia","231",
"3975","Washington","231",
"3976","West Virginia","231",
"3977","Wisconsin","231",
"3978","Wyoming","231",
"4111","Bulawayo","246",
"4112","Harare","246",
"4113","Manicaland","246",
"4114","Mashonaland Central","246",
"4115","Mashonaland East","246",
"4116","Mashonaland West","246",
"4117","Masvingo","246",
"4118","Matabeleland North","246",
"4119","Matabeleland South","246",
"4120","Midlands","246",
"4121","Manila","173",
"4122","Male","247","South Asia"
